date;is_throttled;freq;temp;volt
Thu 26 Jan 20:08:47 CET 2023;throttled=0xe0000;800Mhz;temp=42.8'C;volt=0.8700V
Thu 26 Jan 20:08:49 CET 2023;throttled=0xe0000;600Mhz;temp=41.8'C;volt=0.8700V
Thu 26 Jan 20:08:51 CET 2023;throttled=0xe0000;600Mhz;temp=41.8'C;volt=0.8700V
Thu 26 Jan 20:08:53 CET 2023;throttled=0xe0000;600Mhz;temp=41.8'C;volt=0.8700V
Thu 26 Jan 20:08:55 CET 2023;throttled=0xe0000;700Mhz;temp=41.3'C;volt=0.8700V
Thu 26 Jan 20:08:57 CET 2023;throttled=0xe0000;600Mhz;temp=41.8'C;volt=0.8700V
Thu 26 Jan 20:08:59 CET 2023;throttled=0xe0000;1800Mhz;temp=47.7'C;volt=0.9360V
Thu 26 Jan 20:09:01 CET 2023;throttled=0xe0000;1800Mhz;temp=53.5'C;volt=0.9360V
Thu 26 Jan 20:09:04 CET 2023;throttled=0xe0000;1800Mhz;temp=56.4'C;volt=0.9360V
Thu 26 Jan 20:09:06 CET 2023;throttled=0xe0000;1800Mhz;temp=58.4'C;volt=0.9360V
Thu 26 Jan 20:09:08 CET 2023;throttled=0xe0000;1800Mhz;temp=60.8'C;volt=0.9360V
Thu 26 Jan 20:09:10 CET 2023;throttled=0xe0000;1800Mhz;temp=61.8'C;volt=0.9360V
Thu 26 Jan 20:09:12 CET 2023;throttled=0xe0000;1800Mhz;temp=63.7'C;volt=0.9360V
Thu 26 Jan 20:09:14 CET 2023;throttled=0xe0000;1800Mhz;temp=64.7'C;volt=0.9360V
Thu 26 Jan 20:09:17 CET 2023;throttled=0xe0000;1800Mhz;temp=66.2'C;volt=0.9360V
Thu 26 Jan 20:09:19 CET 2023;throttled=0xe0000;1800Mhz;temp=66.7'C;volt=0.9360V
Thu 26 Jan 20:09:21 CET 2023;throttled=0xe0000;1800Mhz;temp=67.6'C;volt=0.9360V
Thu 26 Jan 20:09:23 CET 2023;throttled=0xe0000;1800Mhz;temp=68.6'C;volt=0.9360V
Thu 26 Jan 20:09:25 CET 2023;throttled=0xe0000;1800Mhz;temp=69.1'C;volt=0.9360V
Thu 26 Jan 20:09:28 CET 2023;throttled=0xe0000;1800Mhz;temp=69.6'C;volt=0.9360V
Thu 26 Jan 20:09:30 CET 2023;throttled=0xe0000;1800Mhz;temp=70.1'C;volt=0.9360V
Thu 26 Jan 20:09:32 CET 2023;throttled=0xe0000;1800Mhz;temp=70.6'C;volt=0.9360V
Thu 26 Jan 20:09:34 CET 2023;throttled=0xe0000;1800Mhz;temp=72.0'C;volt=0.9360V
Thu 26 Jan 20:09:36 CET 2023;throttled=0xe0000;1800Mhz;temp=71.5'C;volt=0.9360V
Thu 26 Jan 20:09:38 CET 2023;throttled=0xe0000;1800Mhz;temp=72.0'C;volt=0.9360V
Thu 26 Jan 20:09:41 CET 2023;throttled=0xe0000;1800Mhz;temp=73.0'C;volt=0.9360V
Thu 26 Jan 20:09:43 CET 2023;throttled=0xe0000;1800Mhz;temp=73.5'C;volt=0.9360V
Thu 26 Jan 20:09:45 CET 2023;throttled=0xe0000;1800Mhz;temp=73.0'C;volt=0.9360V
Thu 26 Jan 20:09:47 CET 2023;throttled=0xe0000;1800Mhz;temp=74.0'C;volt=0.9360V
Thu 26 Jan 20:09:49 CET 2023;throttled=0xe0000;1800Mhz;temp=73.5'C;volt=0.9360V
Thu 26 Jan 20:09:52 CET 2023;throttled=0xe0000;1800Mhz;temp=75.4'C;volt=0.9360V
Thu 26 Jan 20:09:54 CET 2023;throttled=0xe0000;1800Mhz;temp=75.4'C;volt=0.9360V
Thu 26 Jan 20:09:56 CET 2023;throttled=0xe0000;1800Mhz;temp=76.4'C;volt=0.9360V
Thu 26 Jan 20:09:58 CET 2023;throttled=0xe0000;1800Mhz;temp=76.9'C;volt=0.9360V
Thu 26 Jan 20:10:00 CET 2023;throttled=0xe0000;1800Mhz;temp=76.9'C;volt=0.9360V
Thu 26 Jan 20:10:02 CET 2023;throttled=0xe0000;1800Mhz;temp=77.4'C;volt=0.9360V
Thu 26 Jan 20:10:05 CET 2023;throttled=0xe0000;1800Mhz;temp=77.9'C;volt=0.9360V
Thu 26 Jan 20:10:07 CET 2023;throttled=0xe0000;1800Mhz;temp=77.4'C;volt=0.9360V
Thu 26 Jan 20:10:09 CET 2023;throttled=0xe0000;1800Mhz;temp=78.4'C;volt=0.9360V
Thu 26 Jan 20:10:11 CET 2023;throttled=0xe0000;1800Mhz;temp=77.9'C;volt=0.9360V
Thu 26 Jan 20:10:13 CET 2023;throttled=0xe0000;1800Mhz;temp=78.8'C;volt=0.9360V
Thu 26 Jan 20:10:16 CET 2023;throttled=0xe0000;1800Mhz;temp=79.8'C;volt=0.9360V
Thu 26 Jan 20:10:18 CET 2023;throttled=0xe0000;1800Mhz;temp=79.3'C;volt=0.9360V
Thu 26 Jan 20:10:20 CET 2023;throttled=0xe0000;1800Mhz;temp=78.8'C;volt=0.9360V
Thu 26 Jan 20:10:22 CET 2023;throttled=0xe0000;1800Mhz;temp=80.8'C;volt=0.9360V
Thu 26 Jan 20:10:24 CET 2023;throttled=0xe0000;1800Mhz;temp=80.8'C;volt=0.9360V
Thu 26 Jan 20:10:27 CET 2023;throttled=0xe0000;1800Mhz;temp=80.8'C;volt=0.9360V
Thu 26 Jan 20:10:29 CET 2023;throttled=0xe0000;1800Mhz;temp=81.3'C;volt=0.9360V
Thu 26 Jan 20:10:31 CET 2023;throttled=0xe0000;1800Mhz;temp=81.8'C;volt=0.9360V
Thu 26 Jan 20:10:33 CET 2023;throttled=0xe0000;1800Mhz;temp=81.8'C;volt=0.9360V
Thu 26 Jan 20:10:35 CET 2023;throttled=0xe0008;1800Mhz;temp=81.3'C;volt=0.9360V
Thu 26 Jan 20:10:38 CET 2023;throttled=0xe0000;1775Mhz;temp=82.3'C;volt=0.9360V
Thu 26 Jan 20:10:40 CET 2023;throttled=0xe0000;1800Mhz;temp=82.3'C;volt=0.9197V
Thu 26 Jan 20:10:42 CET 2023;throttled=0xe0008;1775Mhz;temp=81.3'C;volt=0.9305V
Thu 26 Jan 20:10:44 CET 2023;throttled=0xe0008;1726Mhz;temp=81.8'C;volt=0.9305V
Thu 26 Jan 20:10:46 CET 2023;throttled=0xe0008;1726Mhz;temp=82.7'C;volt=0.9305V
Thu 26 Jan 20:10:48 CET 2023;throttled=0xe0000;1629Mhz;temp=82.3'C;volt=0.9305V
Thu 26 Jan 20:10:51 CET 2023;throttled=0xe0008;1677Mhz;temp=82.3'C;volt=0.9197V
Thu 26 Jan 20:10:53 CET 2023;throttled=0xe0008;1775Mhz;temp=82.3'C;volt=0.9305V
Thu 26 Jan 20:10:55 CET 2023;throttled=0xe0008;1775Mhz;temp=82.3'C;volt=0.9197V
Thu 26 Jan 20:10:57 CET 2023;throttled=0xe0008;1775Mhz;temp=82.7'C;volt=0.9197V
Thu 26 Jan 20:10:59 CET 2023;throttled=0xe0008;1775Mhz;temp=82.7'C;volt=0.9089V
Thu 26 Jan 20:11:02 CET 2023;throttled=0xe0008;1629Mhz;temp=83.2'C;volt=0.9089V
Thu 26 Jan 20:11:04 CET 2023;throttled=0xe0008;1775Mhz;temp=81.8'C;volt=0.8984V
Thu 26 Jan 20:11:06 CET 2023;throttled=0xe0000;1677Mhz;temp=82.7'C;volt=0.9360V
Thu 26 Jan 20:11:08 CET 2023;throttled=0xe0008;1726Mhz;temp=83.2'C;volt=0.9089V
Thu 26 Jan 20:11:10 CET 2023;throttled=0xe0008;1629Mhz;temp=82.3'C;volt=0.9305V
Thu 26 Jan 20:11:12 CET 2023;throttled=0xe0008;1726Mhz;temp=83.2'C;volt=0.9089V
Thu 26 Jan 20:11:15 CET 2023;throttled=0xe0008;1629Mhz;temp=83.2'C;volt=0.9089V
Thu 26 Jan 20:11:17 CET 2023;throttled=0xe0008;1726Mhz;temp=83.2'C;volt=0.8984V
Thu 26 Jan 20:11:19 CET 2023;throttled=0xe0008;1775Mhz;temp=82.7'C;volt=0.9197V
Thu 26 Jan 20:11:21 CET 2023;throttled=0xe0008;1677Mhz;temp=83.2'C;volt=0.8984V
Thu 26 Jan 20:11:23 CET 2023;throttled=0xe0008;1629Mhz;temp=83.7'C;volt=0.9197V
Thu 26 Jan 20:11:25 CET 2023;throttled=0xe0008;1677Mhz;temp=83.7'C;volt=0.8984V
Thu 26 Jan 20:11:28 CET 2023;throttled=0xe0008;1580Mhz;temp=82.3'C;volt=0.9197V
Thu 26 Jan 20:11:30 CET 2023;throttled=0xe0008;1580Mhz;temp=83.2'C;volt=0.9089V
Thu 26 Jan 20:11:32 CET 2023;throttled=0xe0008;1677Mhz;temp=82.7'C;volt=0.9197V
Thu 26 Jan 20:11:34 CET 2023;throttled=0xe0008;1726Mhz;temp=84.2'C;volt=0.9089V
Thu 26 Jan 20:11:36 CET 2023;throttled=0xe0008;1677Mhz;temp=83.2'C;volt=0.8876V
Thu 26 Jan 20:11:39 CET 2023;throttled=0xe0008;1677Mhz;temp=84.2'C;volt=0.8876V
Thu 26 Jan 20:11:41 CET 2023;throttled=0xe0008;1531Mhz;temp=83.2'C;volt=0.8984V
Thu 26 Jan 20:11:43 CET 2023;throttled=0xe0008;1531Mhz;temp=82.7'C;volt=0.9197V
Thu 26 Jan 20:11:45 CET 2023;throttled=0xe0008;1580Mhz;temp=83.7'C;volt=0.8984V
Thu 26 Jan 20:11:47 CET 2023;throttled=0xe0008;1580Mhz;temp=83.7'C;volt=0.8984V
Thu 26 Jan 20:11:50 CET 2023;throttled=0xe0008;1677Mhz;temp=82.7'C;volt=0.8768V
Thu 26 Jan 20:11:52 CET 2023;throttled=0xe0008;1629Mhz;temp=83.2'C;volt=0.8984V
Thu 26 Jan 20:11:54 CET 2023;throttled=0xe0008;1629Mhz;temp=83.2'C;volt=0.9089V
Thu 26 Jan 20:11:56 CET 2023;throttled=0xe0008;1726Mhz;temp=83.2'C;volt=0.8768V
Thu 26 Jan 20:11:58 CET 2023;throttled=0xe0006;600Mhz;temp=82.3'C;volt=0.9197V
Thu 26 Jan 20:12:01 CET 2023;throttled=0xe0008;1580Mhz;temp=84.7'C;volt=0.8768V
Thu 26 Jan 20:12:03 CET 2023;throttled=0xe0008;1629Mhz;temp=83.7'C;volt=0.9089V
Thu 26 Jan 20:12:05 CET 2023;throttled=0xe0008;1531Mhz;temp=84.7'C;volt=0.8984V
Thu 26 Jan 20:12:07 CET 2023;throttled=0xe0008;1629Mhz;temp=84.2'C;volt=0.8984V
Thu 26 Jan 20:12:10 CET 2023;throttled=0xe0008;1580Mhz;temp=83.2'C;volt=0.9089V
Thu 26 Jan 20:12:12 CET 2023;throttled=0xe0008;1629Mhz;temp=82.7'C;volt=0.8768V
Thu 26 Jan 20:12:14 CET 2023;throttled=0xe0008;1677Mhz;temp=83.7'C;volt=0.8984V
Thu 26 Jan 20:12:16 CET 2023;throttled=0xe0008;1629Mhz;temp=83.2'C;volt=0.9089V
Thu 26 Jan 20:12:18 CET 2023;throttled=0xe0008;1580Mhz;temp=85.2'C;volt=0.8984V
Thu 26 Jan 20:12:20 CET 2023;throttled=0xe0008;1531Mhz;temp=84.2'C;volt=0.9089V
Thu 26 Jan 20:12:23 CET 2023;throttled=0xe0008;1629Mhz;temp=84.2'C;volt=0.9089V
Thu 26 Jan 20:12:25 CET 2023;throttled=0xe0008;1580Mhz;temp=83.7'C;volt=0.8984V
Thu 26 Jan 20:12:27 CET 2023;throttled=0xe0006;1677Mhz;temp=82.7'C;volt=0.9089V
Thu 26 Jan 20:12:29 CET 2023;throttled=0xe0008;1531Mhz;temp=84.2'C;volt=0.9089V
Thu 26 Jan 20:12:32 CET 2023;throttled=0xe0008;1531Mhz;temp=82.7'C;volt=0.8984V
Thu 26 Jan 20:12:34 CET 2023;throttled=0xe0008;1629Mhz;temp=84.7'C;volt=0.8876V
Thu 26 Jan 20:12:36 CET 2023;throttled=0xe0008;1629Mhz;temp=83.2'C;volt=0.8876V
Thu 26 Jan 20:12:38 CET 2023;throttled=0xe0008;1629Mhz;temp=84.2'C;volt=0.8876V
Thu 26 Jan 20:12:40 CET 2023;throttled=0xe0008;1531Mhz;temp=83.7'C;volt=0.8768V
Thu 26 Jan 20:12:43 CET 2023;throttled=0xe0008;1629Mhz;temp=84.2'C;volt=0.8876V
Thu 26 Jan 20:12:45 CET 2023;throttled=0xe0008;1629Mhz;temp=84.2'C;volt=0.9089V
Thu 26 Jan 20:12:47 CET 2023;throttled=0xe0008;1629Mhz;temp=83.2'C;volt=0.8876V
Thu 26 Jan 20:12:49 CET 2023;throttled=0xe0008;1726Mhz;temp=83.7'C;volt=0.8876V
Thu 26 Jan 20:12:51 CET 2023;throttled=0xe0008;600Mhz;temp=83.7'C;volt=0.9305V
Thu 26 Jan 20:12:53 CET 2023;throttled=0xe0008;1580Mhz;temp=84.2'C;volt=0.8768V
Thu 26 Jan 20:12:56 CET 2023;throttled=0xe0008;1677Mhz;temp=83.7'C;volt=0.8876V
Thu 26 Jan 20:12:58 CET 2023;throttled=0xe0008;1580Mhz;temp=83.2'C;volt=0.9089V
Thu 26 Jan 20:13:00 CET 2023;throttled=0xe0008;1677Mhz;temp=84.2'C;volt=0.8984V
Thu 26 Jan 20:13:02 CET 2023;throttled=0xe0008;1580Mhz;temp=84.2'C;volt=0.8876V
Thu 26 Jan 20:13:04 CET 2023;throttled=0xe0008;600Mhz;temp=84.7'C;volt=0.9197V
Thu 26 Jan 20:13:07 CET 2023;throttled=0xe0008;1580Mhz;temp=84.7'C;volt=0.8768V
Thu 26 Jan 20:13:09 CET 2023;throttled=0xe0008;1580Mhz;temp=83.7'C;volt=0.8876V
Thu 26 Jan 20:13:11 CET 2023;throttled=0xe0008;600Mhz;temp=83.2'C;volt=0.9089V
Thu 26 Jan 20:13:13 CET 2023;throttled=0xe0008;1580Mhz;temp=83.7'C;volt=0.8876V
Thu 26 Jan 20:13:15 CET 2023;throttled=0xe0008;1629Mhz;temp=83.7'C;volt=0.8700V
Thu 26 Jan 20:13:18 CET 2023;throttled=0xe0008;1580Mhz;temp=84.7'C;volt=0.8768V
Thu 26 Jan 20:13:20 CET 2023;throttled=0xe0008;1726Mhz;temp=83.7'C;volt=0.8768V
Thu 26 Jan 20:13:22 CET 2023;throttled=0xe0008;1726Mhz;temp=83.2'C;volt=0.8700V
Thu 26 Jan 20:13:24 CET 2023;throttled=0xe0008;1531Mhz;temp=84.7'C;volt=0.8876V
Thu 26 Jan 20:13:26 CET 2023;throttled=0xe0008;1531Mhz;temp=84.2'C;volt=0.8876V
Thu 26 Jan 20:13:29 CET 2023;throttled=0xe0008;1531Mhz;temp=83.7'C;volt=0.8984V
Thu 26 Jan 20:13:31 CET 2023;throttled=0xe0008;1580Mhz;temp=84.7'C;volt=0.8768V
Thu 26 Jan 20:13:33 CET 2023;throttled=0xe0006;1580Mhz;temp=84.7'C;volt=0.8700V
Thu 26 Jan 20:13:35 CET 2023;throttled=0xe0008;1580Mhz;temp=84.7'C;volt=0.8700V
Thu 26 Jan 20:13:37 CET 2023;throttled=0xe0006;1580Mhz;temp=82.7'C;volt=0.8984V
Thu 26 Jan 20:13:40 CET 2023;throttled=0xe0008;1580Mhz;temp=84.7'C;volt=0.8768V
Thu 26 Jan 20:13:42 CET 2023;throttled=0xe0008;1580Mhz;temp=84.2'C;volt=0.8876V
Thu 26 Jan 20:13:44 CET 2023;throttled=0xe0008;1580Mhz;temp=83.7'C;volt=0.9089V
Thu 26 Jan 20:13:46 CET 2023;throttled=0xe0008;1531Mhz;temp=83.7'C;volt=0.8984V
Thu 26 Jan 20:13:49 CET 2023;throttled=0xe0008;1580Mhz;temp=83.2'C;volt=0.8768V
Thu 26 Jan 20:13:51 CET 2023;throttled=0xe0008;1580Mhz;temp=84.7'C;volt=0.8768V
Thu 26 Jan 20:13:53 CET 2023;throttled=0xe0008;1580Mhz;temp=84.7'C;volt=0.8768V
Thu 26 Jan 20:13:55 CET 2023;throttled=0xe0008;1677Mhz;temp=83.7'C;volt=0.8768V
Thu 26 Jan 20:13:57 CET 2023;throttled=0xe0006;1629Mhz;temp=84.2'C;volt=0.9089V
Thu 26 Jan 20:13:59 CET 2023;throttled=0xe0008;1629Mhz;temp=84.7'C;volt=0.8876V
Thu 26 Jan 20:14:02 CET 2023;throttled=0xe0008;600Mhz;temp=84.2'C;volt=0.8876V
Thu 26 Jan 20:14:04 CET 2023;throttled=0xe0008;600Mhz;temp=83.7'C;volt=0.9089V
Thu 26 Jan 20:14:06 CET 2023;throttled=0xe0008;1629Mhz;temp=85.2'C;volt=0.8984V
Thu 26 Jan 20:14:08 CET 2023;throttled=0xe0008;1629Mhz;temp=85.7'C;volt=0.8984V
Thu 26 Jan 20:14:11 CET 2023;throttled=0xe0008;1629Mhz;temp=84.2'C;volt=0.8876V
Thu 26 Jan 20:14:13 CET 2023;throttled=0xe0008;1580Mhz;temp=83.2'C;volt=0.8876V
Thu 26 Jan 20:14:15 CET 2023;throttled=0xe0008;1629Mhz;temp=83.7'C;volt=0.8768V
Thu 26 Jan 20:14:17 CET 2023;throttled=0xe0008;1629Mhz;temp=83.7'C;volt=0.8768V
Thu 26 Jan 20:14:19 CET 2023;throttled=0xe0008;1531Mhz;temp=84.7'C;volt=0.8876V
Thu 26 Jan 20:14:21 CET 2023;throttled=0xe0008;1531Mhz;temp=83.7'C;volt=0.8876V
Thu 26 Jan 20:14:24 CET 2023;throttled=0xe0008;1629Mhz;temp=83.7'C;volt=0.8876V
Thu 26 Jan 20:14:26 CET 2023;throttled=0xe0008;1580Mhz;temp=83.2'C;volt=0.9089V
Thu 26 Jan 20:14:28 CET 2023;throttled=0xe0008;1580Mhz;temp=83.2'C;volt=0.8876V
Thu 26 Jan 20:14:30 CET 2023;throttled=0xe0008;1580Mhz;temp=84.2'C;volt=0.8876V
Thu 26 Jan 20:14:32 CET 2023;throttled=0xe0008;600Mhz;temp=84.2'C;volt=0.8876V
Thu 26 Jan 20:14:35 CET 2023;throttled=0xe0008;1677Mhz;temp=84.7'C;volt=0.8768V
Thu 26 Jan 20:14:37 CET 2023;throttled=0xe0008;600Mhz;temp=83.2'C;volt=0.8984V
Thu 26 Jan 20:14:39 CET 2023;throttled=0xe0008;1629Mhz;temp=84.7'C;volt=0.8768V
Thu 26 Jan 20:14:41 CET 2023;throttled=0xe0008;1629Mhz;temp=84.7'C;volt=0.8876V
Thu 26 Jan 20:14:43 CET 2023;throttled=0xe0008;1531Mhz;temp=84.2'C;volt=0.8876V
Thu 26 Jan 20:14:45 CET 2023;throttled=0xe0008;1629Mhz;temp=83.7'C;volt=0.8984V
Thu 26 Jan 20:14:48 CET 2023;throttled=0xe0008;1677Mhz;temp=83.7'C;volt=0.8984V
Thu 26 Jan 20:14:50 CET 2023;throttled=0xe0008;1580Mhz;temp=84.2'C;volt=0.8984V
Thu 26 Jan 20:14:52 CET 2023;throttled=0xe0008;1629Mhz;temp=84.7'C;volt=0.8700V
Thu 26 Jan 20:14:54 CET 2023;throttled=0xe0008;1677Mhz;temp=83.7'C;volt=0.8768V
Thu 26 Jan 20:14:57 CET 2023;throttled=0xe0008;1580Mhz;temp=84.2'C;volt=0.8768V
Thu 26 Jan 20:14:59 CET 2023;throttled=0xe0008;1531Mhz;temp=83.2'C;volt=0.9089V
Thu 26 Jan 20:15:01 CET 2023;throttled=0xe0008;1531Mhz;temp=85.2'C;volt=0.8876V
Thu 26 Jan 20:15:03 CET 2023;throttled=0xe0008;600Mhz;temp=83.7'C;volt=0.8768V
Thu 26 Jan 20:15:05 CET 2023;throttled=0xe0008;1580Mhz;temp=84.7'C;volt=0.8768V
Thu 26 Jan 20:15:07 CET 2023;throttled=0xe0008;1580Mhz;temp=85.2'C;volt=0.8700V
Thu 26 Jan 20:15:10 CET 2023;throttled=0xe0008;1531Mhz;temp=84.2'C;volt=0.8700V
Thu 26 Jan 20:15:12 CET 2023;throttled=0xe0008;1677Mhz;temp=84.2'C;volt=0.8876V
Thu 26 Jan 20:15:14 CET 2023;throttled=0xe0008;1629Mhz;temp=84.2'C;volt=0.8768V
Thu 26 Jan 20:15:16 CET 2023;throttled=0xe0008;600Mhz;temp=83.2'C;volt=0.9089V
Thu 26 Jan 20:15:19 CET 2023;throttled=0xe0008;1677Mhz;temp=84.7'C;volt=0.8768V
Thu 26 Jan 20:15:21 CET 2023;throttled=0xe0008;1531Mhz;temp=85.2'C;volt=0.8984V
Thu 26 Jan 20:15:23 CET 2023;throttled=0xe0008;1531Mhz;temp=84.7'C;volt=0.8768V
Thu 26 Jan 20:15:25 CET 2023;throttled=0xe0008;1580Mhz;temp=83.2'C;volt=0.8876V
Thu 26 Jan 20:15:27 CET 2023;throttled=0xe0008;1580Mhz;temp=84.2'C;volt=0.8768V
Thu 26 Jan 20:15:29 CET 2023;throttled=0xe0008;1580Mhz;temp=84.7'C;volt=0.8984V
Thu 26 Jan 20:15:32 CET 2023;throttled=0xe0008;1629Mhz;temp=83.7'C;volt=0.9089V
Thu 26 Jan 20:15:34 CET 2023;throttled=0xe0008;1629Mhz;temp=85.2'C;volt=0.8984V
Thu 26 Jan 20:15:36 CET 2023;throttled=0xe0008;1677Mhz;temp=84.7'C;volt=0.8876V
Thu 26 Jan 20:15:38 CET 2023;throttled=0xe0006;1629Mhz;temp=83.7'C;volt=0.8700V
Thu 26 Jan 20:15:40 CET 2023;throttled=0xe0008;1629Mhz;temp=84.7'C;volt=0.8876V
Thu 26 Jan 20:15:43 CET 2023;throttled=0xe0008;1629Mhz;temp=84.7'C;volt=0.8768V
Thu 26 Jan 20:15:45 CET 2023;throttled=0xe0008;1531Mhz;temp=83.2'C;volt=0.8700V
Thu 26 Jan 20:15:47 CET 2023;throttled=0xe0008;1629Mhz;temp=84.2'C;volt=0.8984V
Thu 26 Jan 20:15:49 CET 2023;throttled=0xe0008;1629Mhz;temp=83.7'C;volt=0.8876V
Thu 26 Jan 20:15:51 CET 2023;throttled=0xe0006;1531Mhz;temp=85.2'C;volt=0.8700V
Thu 26 Jan 20:15:54 CET 2023;throttled=0xe0008;1677Mhz;temp=84.2'C;volt=0.8768V
Thu 26 Jan 20:15:56 CET 2023;throttled=0xe0008;1531Mhz;temp=84.7'C;volt=0.8984V
Thu 26 Jan 20:15:58 CET 2023;throttled=0xe0008;1629Mhz;temp=83.2'C;volt=0.9089V
Thu 26 Jan 20:16:00 CET 2023;throttled=0xe0008;1531Mhz;temp=85.2'C;volt=0.8876V
Thu 26 Jan 20:16:02 CET 2023;throttled=0xe0008;1629Mhz;temp=84.7'C;volt=0.8876V
Thu 26 Jan 20:16:05 CET 2023;throttled=0xe0008;1580Mhz;temp=84.7'C;volt=0.8768V
Thu 26 Jan 20:16:07 CET 2023;throttled=0xe0008;1726Mhz;temp=84.7'C;volt=0.8768V
Thu 26 Jan 20:16:09 CET 2023;throttled=0xe0008;1580Mhz;temp=84.7'C;volt=0.8876V
Thu 26 Jan 20:16:11 CET 2023;throttled=0xe0008;1580Mhz;temp=85.7'C;volt=0.8984V
Thu 26 Jan 20:16:13 CET 2023;throttled=0xe0008;1531Mhz;temp=84.2'C;volt=0.8876V
Thu 26 Jan 20:16:16 CET 2023;throttled=0xe0006;1531Mhz;temp=84.7'C;volt=0.8700V
Thu 26 Jan 20:16:18 CET 2023;throttled=0xe0008;1677Mhz;temp=83.7'C;volt=0.8768V
Thu 26 Jan 20:16:20 CET 2023;throttled=0xe0008;1531Mhz;temp=84.7'C;volt=0.8984V
Thu 26 Jan 20:16:22 CET 2023;throttled=0xe0008;1629Mhz;temp=85.7'C;volt=0.8984V
Thu 26 Jan 20:16:24 CET 2023;throttled=0xe0008;1629Mhz;temp=84.2'C;volt=0.8768V
Thu 26 Jan 20:16:27 CET 2023;throttled=0xe0008;1726Mhz;temp=84.7'C;volt=0.8876V
Thu 26 Jan 20:16:29 CET 2023;throttled=0xe0008;1531Mhz;temp=84.2'C;volt=0.8768V
Thu 26 Jan 20:16:31 CET 2023;throttled=0xe0008;1531Mhz;temp=84.7'C;volt=0.8768V
Thu 26 Jan 20:16:33 CET 2023;throttled=0xe0008;1677Mhz;temp=83.2'C;volt=0.8768V
Thu 26 Jan 20:16:35 CET 2023;throttled=0xe0008;1580Mhz;temp=84.7'C;volt=0.8768V
Thu 26 Jan 20:16:38 CET 2023;throttled=0xe0006;1531Mhz;temp=83.2'C;volt=0.9089V
Thu 26 Jan 20:16:40 CET 2023;throttled=0xe0008;1629Mhz;temp=84.7'C;volt=0.8768V
Thu 26 Jan 20:16:42 CET 2023;throttled=0xe0006;1726Mhz;temp=83.7'C;volt=0.9089V
Thu 26 Jan 20:16:44 CET 2023;throttled=0xe0008;1580Mhz;temp=85.2'C;volt=0.8984V
Thu 26 Jan 20:16:46 CET 2023;throttled=0xe0008;1580Mhz;temp=84.7'C;volt=0.8768V
Thu 26 Jan 20:16:49 CET 2023;throttled=0xe0008;600Mhz;temp=83.2'C;volt=0.9089V
Thu 26 Jan 20:16:51 CET 2023;throttled=0xe0008;600Mhz;temp=84.2'C;volt=0.8876V
Thu 26 Jan 20:16:53 CET 2023;throttled=0xe0008;1629Mhz;temp=84.2'C;volt=0.8876V
Thu 26 Jan 20:16:55 CET 2023;throttled=0xe0008;1580Mhz;temp=84.2'C;volt=0.8768V
Thu 26 Jan 20:16:57 CET 2023;throttled=0xe0008;1531Mhz;temp=84.2'C;volt=0.8876V
Thu 26 Jan 20:17:00 CET 2023;throttled=0xe0008;600Mhz;temp=84.2'C;volt=0.9197V
Thu 26 Jan 20:17:02 CET 2023;throttled=0xe0006;1531Mhz;temp=83.2'C;volt=0.8876V
Thu 26 Jan 20:17:04 CET 2023;throttled=0xe0008;1531Mhz;temp=84.2'C;volt=0.8768V
Thu 26 Jan 20:17:06 CET 2023;throttled=0xe0008;1531Mhz;temp=84.2'C;volt=0.8876V
Thu 26 Jan 20:17:08 CET 2023;throttled=0xe0008;1677Mhz;temp=84.7'C;volt=0.8768V
Thu 26 Jan 20:17:11 CET 2023;throttled=0xe0008;1677Mhz;temp=84.2'C;volt=0.8700V
Thu 26 Jan 20:17:13 CET 2023;throttled=0xe0006;1531Mhz;temp=84.2'C;volt=0.8876V
Thu 26 Jan 20:17:15 CET 2023;throttled=0xe0006;1726Mhz;temp=83.2'C;volt=0.8700V
Thu 26 Jan 20:17:17 CET 2023;throttled=0xe0008;1677Mhz;temp=84.7'C;volt=0.8700V
Thu 26 Jan 20:17:19 CET 2023;throttled=0xe0008;1580Mhz;temp=84.7'C;volt=0.8768V
Thu 26 Jan 20:17:22 CET 2023;throttled=0xe0008;1629Mhz;temp=84.2'C;volt=0.9089V
Thu 26 Jan 20:17:24 CET 2023;throttled=0xe0008;1629Mhz;temp=84.2'C;volt=0.8700V
Thu 26 Jan 20:17:26 CET 2023;throttled=0xe0008;1531Mhz;temp=83.7'C;volt=0.8768V
Thu 26 Jan 20:17:28 CET 2023;throttled=0xe0008;1677Mhz;temp=85.2'C;volt=0.8700V
Thu 26 Jan 20:17:30 CET 2023;throttled=0xe0008;1531Mhz;temp=85.2'C;volt=0.8876V
Thu 26 Jan 20:17:33 CET 2023;throttled=0xe0008;1531Mhz;temp=85.2'C;volt=0.8768V
Thu 26 Jan 20:17:35 CET 2023;throttled=0xe0008;1629Mhz;temp=83.2'C;volt=0.8984V
Thu 26 Jan 20:17:37 CET 2023;throttled=0xe0006;1580Mhz;temp=83.7'C;volt=0.8984V
Thu 26 Jan 20:17:39 CET 2023;throttled=0xe0008;600Mhz;temp=83.7'C;volt=0.9089V
Thu 26 Jan 20:17:41 CET 2023;throttled=0xe0006;1531Mhz;temp=84.2'C;volt=0.8984V
Thu 26 Jan 20:17:44 CET 2023;throttled=0xe0008;1531Mhz;temp=85.2'C;volt=0.8876V
Thu 26 Jan 20:17:46 CET 2023;throttled=0xe0008;1580Mhz;temp=84.7'C;volt=0.8876V
Thu 26 Jan 20:17:48 CET 2023;throttled=0xe0008;1677Mhz;temp=83.7'C;volt=0.8768V
Thu 26 Jan 20:17:50 CET 2023;throttled=0xe0008;1580Mhz;temp=84.7'C;volt=0.8768V
Thu 26 Jan 20:17:52 CET 2023;throttled=0xe0006;1629Mhz;temp=83.2'C;volt=0.8700V
Thu 26 Jan 20:17:55 CET 2023;throttled=0xe0006;1531Mhz;temp=83.2'C;volt=0.8984V
Thu 26 Jan 20:17:57 CET 2023;throttled=0xe0008;1580Mhz;temp=83.7'C;volt=0.8876V
Thu 26 Jan 20:17:59 CET 2023;throttled=0xe0008;1580Mhz;temp=84.2'C;volt=0.8768V
Thu 26 Jan 20:18:01 CET 2023;throttled=0xe0008;1580Mhz;temp=84.7'C;volt=0.8876V
Thu 26 Jan 20:18:03 CET 2023;throttled=0xe0008;1580Mhz;temp=83.2'C;volt=0.8768V
Thu 26 Jan 20:18:06 CET 2023;throttled=0xe0008;1580Mhz;temp=84.7'C;volt=0.8768V
Thu 26 Jan 20:18:08 CET 2023;throttled=0xe0008;600Mhz;temp=84.7'C;volt=0.8700V
Thu 26 Jan 20:18:10 CET 2023;throttled=0xe0008;1726Mhz;temp=83.7'C;volt=0.8984V
Thu 26 Jan 20:18:12 CET 2023;throttled=0xe0008;1580Mhz;temp=85.7'C;volt=0.9089V
Thu 26 Jan 20:18:15 CET 2023;throttled=0xe0006;600Mhz;temp=84.2'C;volt=0.9197V
Thu 26 Jan 20:18:17 CET 2023;throttled=0xe0008;1531Mhz;temp=85.2'C;volt=0.8768V
Thu 26 Jan 20:18:19 CET 2023;throttled=0xe0008;1629Mhz;temp=84.7'C;volt=0.8700V
Thu 26 Jan 20:18:21 CET 2023;throttled=0xe0008;1531Mhz;temp=84.2'C;volt=0.8700V
Thu 26 Jan 20:18:23 CET 2023;throttled=0xe0008;1531Mhz;temp=84.7'C;volt=0.8768V
Thu 26 Jan 20:18:26 CET 2023;throttled=0xe0008;1580Mhz;temp=84.2'C;volt=0.8768V
Thu 26 Jan 20:18:28 CET 2023;throttled=0xe0008;1580Mhz;temp=85.2'C;volt=0.8876V
Thu 26 Jan 20:18:30 CET 2023;throttled=0xe0008;1677Mhz;temp=85.2'C;volt=0.8700V
Thu 26 Jan 20:18:32 CET 2023;throttled=0xe0006;1580Mhz;temp=82.7'C;volt=0.9197V
Thu 26 Jan 20:18:34 CET 2023;throttled=0xe0008;1629Mhz;temp=84.2'C;volt=0.8876V
Thu 26 Jan 20:18:37 CET 2023;throttled=0xe0008;1629Mhz;temp=84.7'C;volt=0.8876V
Thu 26 Jan 20:18:39 CET 2023;throttled=0xe0008;1580Mhz;temp=84.7'C;volt=0.8984V
Thu 26 Jan 20:18:41 CET 2023;throttled=0xe0008;1629Mhz;temp=85.7'C;volt=0.8700V
Thu 26 Jan 20:18:43 CET 2023;throttled=0xe0008;1580Mhz;temp=82.7'C;volt=0.9197V
Thu 26 Jan 20:18:45 CET 2023;throttled=0xe0008;1580Mhz;temp=84.7'C;volt=0.8768V
Thu 26 Jan 20:18:47 CET 2023;throttled=0xe0008;600Mhz;temp=85.2'C;volt=0.9089V
Thu 26 Jan 20:18:50 CET 2023;throttled=0xe0006;1629Mhz;temp=83.2'C;volt=0.9089V
Thu 26 Jan 20:18:52 CET 2023;throttled=0xe0008;1531Mhz;temp=84.7'C;volt=0.8768V
Thu 26 Jan 20:18:54 CET 2023;throttled=0xe0008;1677Mhz;temp=84.2'C;volt=0.8876V
Thu 26 Jan 20:18:56 CET 2023;throttled=0xe0008;1629Mhz;temp=85.2'C;volt=0.8984V
Thu 26 Jan 20:18:59 CET 2023;throttled=0xe0008;1531Mhz;temp=84.2'C;volt=0.8768V
Thu 26 Jan 20:19:01 CET 2023;throttled=0xe0008;1580Mhz;temp=85.2'C;volt=0.8700V
Thu 26 Jan 20:19:03 CET 2023;throttled=0xe0008;1531Mhz;temp=84.2'C;volt=0.9089V
Thu 26 Jan 20:19:05 CET 2023;throttled=0xe0008;1775Mhz;temp=84.7'C;volt=0.8768V
Thu 26 Jan 20:19:07 CET 2023;throttled=0xe0008;1531Mhz;temp=83.7'C;volt=0.8984V
Thu 26 Jan 20:19:09 CET 2023;throttled=0xe0008;1580Mhz;temp=85.2'C;volt=0.8768V
Thu 26 Jan 20:19:12 CET 2023;throttled=0xe0006;1531Mhz;temp=82.7'C;volt=0.8876V
Thu 26 Jan 20:19:14 CET 2023;throttled=0xe0008;1531Mhz;temp=85.2'C;volt=0.8768V
Thu 26 Jan 20:19:16 CET 2023;throttled=0xe0008;600Mhz;temp=84.2'C;volt=0.8700V
Thu 26 Jan 20:19:18 CET 2023;throttled=0xe0008;1531Mhz;temp=84.2'C;volt=0.8876V
Thu 26 Jan 20:19:21 CET 2023;throttled=0xe0008;1580Mhz;temp=83.7'C;volt=0.8700V
Thu 26 Jan 20:19:23 CET 2023;throttled=0xe0006;600Mhz;temp=83.7'C;volt=0.8984V
Thu 26 Jan 20:19:25 CET 2023;throttled=0xe0008;1677Mhz;temp=83.7'C;volt=0.9089V
Thu 26 Jan 20:19:27 CET 2023;throttled=0xe0008;1726Mhz;temp=84.2'C;volt=0.8768V
Thu 26 Jan 20:19:29 CET 2023;throttled=0xe0008;1580Mhz;temp=85.2'C;volt=0.8768V
Thu 26 Jan 20:19:32 CET 2023;throttled=0xe0008;1580Mhz;temp=84.7'C;volt=0.8984V
Thu 26 Jan 20:19:34 CET 2023;throttled=0xe0008;600Mhz;temp=84.7'C;volt=0.8700V
Thu 26 Jan 20:19:36 CET 2023;throttled=0xe0008;600Mhz;temp=84.2'C;volt=0.8876V
Thu 26 Jan 20:19:38 CET 2023;throttled=0xe0008;1629Mhz;temp=85.7'C;volt=0.8700V
Thu 26 Jan 20:19:40 CET 2023;throttled=0xe0008;1531Mhz;temp=84.7'C;volt=0.8876V
Thu 26 Jan 20:19:43 CET 2023;throttled=0xe0008;1531Mhz;temp=85.2'C;volt=0.8876V
Thu 26 Jan 20:19:45 CET 2023;throttled=0xe0008;600Mhz;temp=84.7'C;volt=0.8768V
Thu 26 Jan 20:19:47 CET 2023;throttled=0xe0008;1531Mhz;temp=85.2'C;volt=0.8700V
Thu 26 Jan 20:19:49 CET 2023;throttled=0xe0008;1531Mhz;temp=84.7'C;volt=0.8876V
Thu 26 Jan 20:19:51 CET 2023;throttled=0xe0006;1677Mhz;temp=83.7'C;volt=0.8700V
Thu 26 Jan 20:19:54 CET 2023;throttled=0xe0008;1580Mhz;temp=84.2'C;volt=0.8876V
Thu 26 Jan 20:19:56 CET 2023;throttled=0xe0008;1629Mhz;temp=84.7'C;volt=0.8768V
Thu 26 Jan 20:19:58 CET 2023;throttled=0xe0008;1580Mhz;temp=84.7'C;volt=0.8768V
Thu 26 Jan 20:20:00 CET 2023;throttled=0xe0008;1580Mhz;temp=85.7'C;volt=0.8768V
Thu 26 Jan 20:20:02 CET 2023;throttled=0xe0008;1580Mhz;temp=85.7'C;volt=0.8984V
Thu 26 Jan 20:20:05 CET 2023;throttled=0xe0008;1580Mhz;temp=83.2'C;volt=0.8700V
Thu 26 Jan 20:20:07 CET 2023;throttled=0xe0008;1677Mhz;temp=85.2'C;volt=0.8876V
Thu 26 Jan 20:20:09 CET 2023;throttled=0xe0008;1580Mhz;temp=85.2'C;volt=0.8768V
Thu 26 Jan 20:20:11 CET 2023;throttled=0xe0008;600Mhz;temp=85.2'C;volt=0.8700V
Thu 26 Jan 20:20:14 CET 2023;throttled=0xe0006;1580Mhz;temp=83.2'C;volt=0.9089V
Thu 26 Jan 20:20:16 CET 2023;throttled=0xe0008;1580Mhz;temp=84.2'C;volt=0.8768V
Thu 26 Jan 20:20:18 CET 2023;throttled=0xe0008;1531Mhz;temp=84.7'C;volt=0.8876V
Thu 26 Jan 20:20:20 CET 2023;throttled=0xe0006;1677Mhz;temp=83.7'C;volt=0.8984V
Thu 26 Jan 20:20:22 CET 2023;throttled=0xe0006;1580Mhz;temp=84.2'C;volt=0.8984V
Thu 26 Jan 20:20:25 CET 2023;throttled=0xe0008;1580Mhz;temp=85.2'C;volt=0.8700V
Thu 26 Jan 20:20:27 CET 2023;throttled=0xe0008;600Mhz;temp=84.7'C;volt=0.8768V
Thu 26 Jan 20:20:29 CET 2023;throttled=0xe0008;600Mhz;temp=83.7'C;volt=0.8984V
Thu 26 Jan 20:20:31 CET 2023;throttled=0xe0008;1677Mhz;temp=84.7'C;volt=0.8768V
Thu 26 Jan 20:20:33 CET 2023;throttled=0xe0006;1531Mhz;temp=85.2'C;volt=0.8700V
Thu 26 Jan 20:20:36 CET 2023;throttled=0xe0008;1531Mhz;temp=84.7'C;volt=0.8876V
Thu 26 Jan 20:20:38 CET 2023;throttled=0xe0008;1531Mhz;temp=84.7'C;volt=0.8768V
Thu 26 Jan 20:20:40 CET 2023;throttled=0xe0008;600Mhz;temp=84.2'C;volt=0.8984V
Thu 26 Jan 20:20:42 CET 2023;throttled=0xe0008;1531Mhz;temp=85.2'C;volt=0.8768V
Thu 26 Jan 20:20:44 CET 2023;throttled=0xe0008;600Mhz;temp=84.7'C;volt=0.8768V
Thu 26 Jan 20:20:47 CET 2023;throttled=0xe0006;600Mhz;temp=84.2'C;volt=0.8984V
Thu 26 Jan 20:20:49 CET 2023;throttled=0xe0006;1531Mhz;temp=83.7'C;volt=0.8984V
Thu 26 Jan 20:20:51 CET 2023;throttled=0xe0008;1677Mhz;temp=84.2'C;volt=0.8700V
Thu 26 Jan 20:20:53 CET 2023;throttled=0xe0008;1580Mhz;temp=84.7'C;volt=0.8768V
Thu 26 Jan 20:20:55 CET 2023;throttled=0xe0006;1531Mhz;temp=84.2'C;volt=0.9089V
Thu 26 Jan 20:20:58 CET 2023;throttled=0xe0008;1580Mhz;temp=84.7'C;volt=0.8876V
Thu 26 Jan 20:21:00 CET 2023;throttled=0xe0008;1629Mhz;temp=84.2'C;volt=0.8876V
Thu 26 Jan 20:21:02 CET 2023;throttled=0xe0008;1629Mhz;temp=84.7'C;volt=0.8984V
Thu 26 Jan 20:21:04 CET 2023;throttled=0xe0006;1531Mhz;temp=84.7'C;volt=0.8768V
Thu 26 Jan 20:21:06 CET 2023;throttled=0xe0008;1531Mhz;temp=83.7'C;volt=0.8700V
Thu 26 Jan 20:21:09 CET 2023;throttled=0xe0008;1629Mhz;temp=85.2'C;volt=0.8876V
Thu 26 Jan 20:21:11 CET 2023;throttled=0xe0008;600Mhz;temp=84.2'C;volt=0.8876V
Thu 26 Jan 20:21:13 CET 2023;throttled=0xe0008;600Mhz;temp=84.2'C;volt=0.8876V
Thu 26 Jan 20:21:15 CET 2023;throttled=0xe0008;1629Mhz;temp=84.7'C;volt=0.8768V
Thu 26 Jan 20:21:17 CET 2023;throttled=0xe0008;1629Mhz;temp=85.2'C;volt=0.8876V
Thu 26 Jan 20:21:20 CET 2023;throttled=0xe0008;1580Mhz;temp=85.2'C;volt=0.8700V
Thu 26 Jan 20:21:22 CET 2023;throttled=0xe0006;1629Mhz;temp=83.7'C;volt=0.8876V
Thu 26 Jan 20:21:24 CET 2023;throttled=0xe0008;1677Mhz;temp=84.2'C;volt=0.8768V
Thu 26 Jan 20:21:26 CET 2023;throttled=0xe0008;600Mhz;temp=85.2'C;volt=0.8876V
Thu 26 Jan 20:21:28 CET 2023;throttled=0xe0008;1629Mhz;temp=85.2'C;volt=0.8768V
Thu 26 Jan 20:21:31 CET 2023;throttled=0xe0008;1580Mhz;temp=83.7'C;volt=0.8984V
Thu 26 Jan 20:21:33 CET 2023;throttled=0xe0008;1580Mhz;temp=83.7'C;volt=0.8700V
Thu 26 Jan 20:21:35 CET 2023;throttled=0xe0006;1629Mhz;temp=84.7'C;volt=0.8768V
Thu 26 Jan 20:21:37 CET 2023;throttled=0xe0008;600Mhz;temp=84.7'C;volt=0.8984V
Thu 26 Jan 20:21:39 CET 2023;throttled=0xe0008;1531Mhz;temp=83.7'C;volt=0.8876V
Thu 26 Jan 20:21:42 CET 2023;throttled=0xe0008;1531Mhz;temp=84.2'C;volt=0.8700V
Thu 26 Jan 20:21:44 CET 2023;throttled=0xe0006;1531Mhz;temp=83.2'C;volt=0.9089V
Thu 26 Jan 20:21:46 CET 2023;throttled=0xe0008;1531Mhz;temp=84.7'C;volt=0.8984V
Thu 26 Jan 20:21:48 CET 2023;throttled=0xe0006;1629Mhz;temp=83.2'C;volt=0.8984V
Thu 26 Jan 20:21:50 CET 2023;throttled=0xe0008;600Mhz;temp=83.7'C;volt=0.8876V
Thu 26 Jan 20:21:53 CET 2023;throttled=0xe0008;1677Mhz;temp=84.2'C;volt=0.8984V
Thu 26 Jan 20:21:55 CET 2023;throttled=0xe0008;1531Mhz;temp=84.7'C;volt=0.8768V
Thu 26 Jan 20:21:57 CET 2023;throttled=0xe0008;1531Mhz;temp=85.2'C;volt=0.8876V
Thu 26 Jan 20:21:59 CET 2023;throttled=0xe0006;1629Mhz;temp=84.2'C;volt=0.8876V
Thu 26 Jan 20:22:01 CET 2023;throttled=0xe0008;1580Mhz;temp=84.7'C;volt=0.8984V
Thu 26 Jan 20:22:04 CET 2023;throttled=0xe0008;1531Mhz;temp=85.7'C;volt=0.8700V
Thu 26 Jan 20:22:06 CET 2023;throttled=0xe0008;1531Mhz;temp=83.7'C;volt=0.8876V
Thu 26 Jan 20:22:08 CET 2023;throttled=0xe0008;600Mhz;temp=84.2'C;volt=0.8768V
Thu 26 Jan 20:22:10 CET 2023;throttled=0xe0008;1629Mhz;temp=83.7'C;volt=0.8768V
Thu 26 Jan 20:22:13 CET 2023;throttled=0xe0008;1629Mhz;temp=85.2'C;volt=0.8700V
Thu 26 Jan 20:22:15 CET 2023;throttled=0xe0008;1531Mhz;temp=85.2'C;volt=0.8768V
Thu 26 Jan 20:22:17 CET 2023;throttled=0xe0008;1629Mhz;temp=84.2'C;volt=0.8876V
Thu 26 Jan 20:22:19 CET 2023;throttled=0xe0008;1629Mhz;temp=84.2'C;volt=0.8768V
Thu 26 Jan 20:22:21 CET 2023;throttled=0xe0008;1531Mhz;temp=85.7'C;volt=0.8700V
Thu 26 Jan 20:22:23 CET 2023;throttled=0xe0008;1531Mhz;temp=84.7'C;volt=0.8768V
Thu 26 Jan 20:22:26 CET 2023;throttled=0xe0008;1531Mhz;temp=85.2'C;volt=0.8768V
Thu 26 Jan 20:22:28 CET 2023;throttled=0xe0008;600Mhz;temp=84.7'C;volt=0.8768V
Thu 26 Jan 20:22:30 CET 2023;throttled=0xe0008;600Mhz;temp=83.7'C;volt=0.9089V
Thu 26 Jan 20:22:32 CET 2023;throttled=0xe0008;1580Mhz;temp=84.7'C;volt=0.8700V
Thu 26 Jan 20:22:34 CET 2023;throttled=0xe0008;600Mhz;temp=84.2'C;volt=0.9197V
Thu 26 Jan 20:22:37 CET 2023;throttled=0xe0008;1677Mhz;temp=84.2'C;volt=0.8768V
Thu 26 Jan 20:22:39 CET 2023;throttled=0xe0008;1580Mhz;temp=84.2'C;volt=0.8700V
Thu 26 Jan 20:22:41 CET 2023;throttled=0xe0008;1531Mhz;temp=84.2'C;volt=0.8876V
Thu 26 Jan 20:22:43 CET 2023;throttled=0xe0008;600Mhz;temp=84.2'C;volt=0.8876V
Thu 26 Jan 20:22:45 CET 2023;throttled=0xe0008;1677Mhz;temp=85.7'C;volt=0.8768V
Thu 26 Jan 20:22:48 CET 2023;throttled=0xe0008;1629Mhz;temp=83.7'C;volt=0.8876V
Thu 26 Jan 20:22:50 CET 2023;throttled=0xe0008;1531Mhz;temp=85.7'C;volt=0.8768V
Thu 26 Jan 20:22:52 CET 2023;throttled=0xe0008;600Mhz;temp=84.7'C;volt=0.8768V
Thu 26 Jan 20:22:54 CET 2023;throttled=0xe0008;1629Mhz;temp=83.7'C;volt=0.8700V
Thu 26 Jan 20:22:57 CET 2023;throttled=0xe0008;1580Mhz;temp=83.7'C;volt=0.8984V
Thu 26 Jan 20:22:59 CET 2023;throttled=0xe0008;1580Mhz;temp=85.2'C;volt=0.8768V
Thu 26 Jan 20:23:01 CET 2023;throttled=0xe0008;1531Mhz;temp=84.7'C;volt=0.8768V
Thu 26 Jan 20:23:03 CET 2023;throttled=0xe0008;1677Mhz;temp=84.2'C;volt=0.8984V
Thu 26 Jan 20:23:05 CET 2023;throttled=0xe0008;1677Mhz;temp=85.7'C;volt=0.8876V
Thu 26 Jan 20:23:07 CET 2023;throttled=0xe0008;1580Mhz;temp=84.2'C;volt=0.8700V
Thu 26 Jan 20:23:10 CET 2023;throttled=0xe0008;600Mhz;temp=83.2'C;volt=0.9089V
Thu 26 Jan 20:23:12 CET 2023;throttled=0xe0008;1531Mhz;temp=84.7'C;volt=0.8984V
Thu 26 Jan 20:23:14 CET 2023;throttled=0xe0008;1531Mhz;temp=84.2'C;volt=0.8700V
Thu 26 Jan 20:23:16 CET 2023;throttled=0xe0008;1580Mhz;temp=84.7'C;volt=0.8768V
Thu 26 Jan 20:23:19 CET 2023;throttled=0xe0008;1629Mhz;temp=83.7'C;volt=0.8700V
Thu 26 Jan 20:23:21 CET 2023;throttled=0xe0008;1726Mhz;temp=85.2'C;volt=0.8876V
Thu 26 Jan 20:23:23 CET 2023;throttled=0xe0008;1677Mhz;temp=84.2'C;volt=0.8876V
Thu 26 Jan 20:23:25 CET 2023;throttled=0xe0006;1580Mhz;temp=83.7'C;volt=0.8700V
Thu 26 Jan 20:23:27 CET 2023;throttled=0xe0008;1580Mhz;temp=84.2'C;volt=0.8768V
Thu 26 Jan 20:23:30 CET 2023;throttled=0xe0008;1580Mhz;temp=84.7'C;volt=0.8768V
Thu 26 Jan 20:23:32 CET 2023;throttled=0xe0008;1677Mhz;temp=84.7'C;volt=0.8768V
Thu 26 Jan 20:23:34 CET 2023;throttled=0xe0008;600Mhz;temp=83.2'C;volt=0.8984V
Thu 26 Jan 20:23:36 CET 2023;throttled=0xe0006;1531Mhz;temp=84.2'C;volt=0.8876V
Thu 26 Jan 20:23:38 CET 2023;throttled=0xe0008;1531Mhz;temp=84.7'C;volt=0.8768V
Thu 26 Jan 20:23:41 CET 2023;throttled=0xe0008;1531Mhz;temp=84.2'C;volt=0.8768V
Thu 26 Jan 20:23:43 CET 2023;throttled=0xe0008;600Mhz;temp=84.2'C;volt=0.8984V
Thu 26 Jan 20:23:45 CET 2023;throttled=0xe0008;1531Mhz;temp=85.2'C;volt=0.8768V
Thu 26 Jan 20:23:47 CET 2023;throttled=0xe0008;1580Mhz;temp=85.7'C;volt=0.8768V
Thu 26 Jan 20:23:49 CET 2023;throttled=0xe0006;1531Mhz;temp=83.7'C;volt=0.8876V
Thu 26 Jan 20:23:52 CET 2023;throttled=0xe0006;600Mhz;temp=84.7'C;volt=0.9197V
Thu 26 Jan 20:23:54 CET 2023;throttled=0xe0008;1677Mhz;temp=84.7'C;volt=0.8768V
Thu 26 Jan 20:23:56 CET 2023;throttled=0xe0008;600Mhz;temp=84.2'C;volt=0.8984V
Thu 26 Jan 20:23:58 CET 2023;throttled=0xe0006;1531Mhz;temp=83.7'C;volt=0.9197V
Thu 26 Jan 20:24:00 CET 2023;throttled=0xe0008;1629Mhz;temp=84.2'C;volt=0.8876V
Thu 26 Jan 20:24:03 CET 2023;throttled=0xe0006;600Mhz;temp=83.2'C;volt=0.8876V
Thu 26 Jan 20:24:05 CET 2023;throttled=0xe0008;1531Mhz;temp=84.7'C;volt=0.8768V
Thu 26 Jan 20:24:07 CET 2023;throttled=0xe0008;600Mhz;temp=84.2'C;volt=0.9089V
Thu 26 Jan 20:24:09 CET 2023;throttled=0xe0006;1629Mhz;temp=83.2'C;volt=0.8700V
Thu 26 Jan 20:24:11 CET 2023;throttled=0xe0006;1580Mhz;temp=84.2'C;volt=0.8984V
Thu 26 Jan 20:24:14 CET 2023;throttled=0xe0008;1580Mhz;temp=84.2'C;volt=0.8700V
Thu 26 Jan 20:24:16 CET 2023;throttled=0xe0006;1580Mhz;temp=83.7'C;volt=0.9089V
Thu 26 Jan 20:24:18 CET 2023;throttled=0xe0008;1531Mhz;temp=84.2'C;volt=0.9089V
Thu 26 Jan 20:24:20 CET 2023;throttled=0xe0006;1580Mhz;temp=84.2'C;volt=0.8984V
Thu 26 Jan 20:24:22 CET 2023;throttled=0xe0008;1531Mhz;temp=83.7'C;volt=0.8984V
Thu 26 Jan 20:24:25 CET 2023;throttled=0xe0008;1580Mhz;temp=84.7'C;volt=0.8876V
Thu 26 Jan 20:24:27 CET 2023;throttled=0xe0006;1531Mhz;temp=84.7'C;volt=0.8700V
Thu 26 Jan 20:24:29 CET 2023;throttled=0xe0006;1531Mhz;temp=84.2'C;volt=0.8984V
Thu 26 Jan 20:24:31 CET 2023;throttled=0xe0008;1726Mhz;temp=85.7'C;volt=0.8700V
Thu 26 Jan 20:24:33 CET 2023;throttled=0xe0008;1629Mhz;temp=84.2'C;volt=0.8984V
Thu 26 Jan 20:24:36 CET 2023;throttled=0xe0006;1531Mhz;temp=84.2'C;volt=0.8700V
Thu 26 Jan 20:24:38 CET 2023;throttled=0xe0008;1531Mhz;temp=84.2'C;volt=0.8768V
Thu 26 Jan 20:24:40 CET 2023;throttled=0xe0008;1580Mhz;temp=84.2'C;volt=0.8984V
Thu 26 Jan 20:24:42 CET 2023;throttled=0xe0008;1677Mhz;temp=85.2'C;volt=0.8700V
Thu 26 Jan 20:24:44 CET 2023;throttled=0xe0008;1629Mhz;temp=84.2'C;volt=0.8768V
Thu 26 Jan 20:24:47 CET 2023;throttled=0xe0008;1629Mhz;temp=84.7'C;volt=0.8876V
Thu 26 Jan 20:24:49 CET 2023;throttled=0xe0008;1629Mhz;temp=84.7'C;volt=0.8984V
Thu 26 Jan 20:24:51 CET 2023;throttled=0xe0006;1531Mhz;temp=84.7'C;volt=0.9089V
Thu 26 Jan 20:24:53 CET 2023;throttled=0xe0006;1531Mhz;temp=82.7'C;volt=0.8700V
Thu 26 Jan 20:24:55 CET 2023;throttled=0xe0008;1726Mhz;temp=85.2'C;volt=0.8768V
Thu 26 Jan 20:24:58 CET 2023;throttled=0xe0008;1531Mhz;temp=84.2'C;volt=0.8700V
Thu 26 Jan 20:25:00 CET 2023;throttled=0xe0008;1629Mhz;temp=84.7'C;volt=0.8768V
Thu 26 Jan 20:25:02 CET 2023;throttled=0xe0008;1677Mhz;temp=84.7'C;volt=0.8768V
Thu 26 Jan 20:25:04 CET 2023;throttled=0xe0008;1531Mhz;temp=84.2'C;volt=0.8768V
Thu 26 Jan 20:25:06 CET 2023;throttled=0xe0006;600Mhz;temp=83.2'C;volt=0.9089V
Thu 26 Jan 20:25:09 CET 2023;throttled=0xe0008;600Mhz;temp=83.7'C;volt=0.8984V
Thu 26 Jan 20:25:11 CET 2023;throttled=0xe0008;1531Mhz;temp=84.7'C;volt=0.8984V
Thu 26 Jan 20:25:13 CET 2023;throttled=0xe0008;1531Mhz;temp=84.7'C;volt=0.8876V
Thu 26 Jan 20:25:15 CET 2023;throttled=0xe0008;1531Mhz;temp=84.2'C;volt=0.8700V
Thu 26 Jan 20:25:18 CET 2023;throttled=0xe0006;1629Mhz;temp=83.7'C;volt=0.8700V
Thu 26 Jan 20:25:20 CET 2023;throttled=0xe0008;1629Mhz;temp=85.2'C;volt=0.8700V
Thu 26 Jan 20:25:22 CET 2023;throttled=0xe0008;600Mhz;temp=83.7'C;volt=0.8984V
Thu 26 Jan 20:25:24 CET 2023;throttled=0xe0006;1580Mhz;temp=83.7'C;volt=0.8984V
Thu 26 Jan 20:25:26 CET 2023;throttled=0xe0008;1580Mhz;temp=84.7'C;volt=0.8700V
Thu 26 Jan 20:25:29 CET 2023;throttled=0xe0008;1580Mhz;temp=84.7'C;volt=0.8768V
Thu 26 Jan 20:25:31 CET 2023;throttled=0xe0006;1629Mhz;temp=83.7'C;volt=0.8984V
Thu 26 Jan 20:25:33 CET 2023;throttled=0xe0008;1531Mhz;temp=84.2'C;volt=0.8700V
Thu 26 Jan 20:25:35 CET 2023;throttled=0xe0008;1531Mhz;temp=83.7'C;volt=0.8700V
Thu 26 Jan 20:25:37 CET 2023;throttled=0xe0008;1677Mhz;temp=84.2'C;volt=0.8876V
Thu 26 Jan 20:25:40 CET 2023;throttled=0xe0008;1531Mhz;temp=84.2'C;volt=0.8876V
Thu 26 Jan 20:25:42 CET 2023;throttled=0xe0008;1580Mhz;temp=85.2'C;volt=0.8768V
Thu 26 Jan 20:25:44 CET 2023;throttled=0xe0008;1531Mhz;temp=85.7'C;volt=0.8700V
Thu 26 Jan 20:25:46 CET 2023;throttled=0xe0008;600Mhz;temp=84.2'C;volt=0.8984V
Thu 26 Jan 20:25:48 CET 2023;throttled=0xe0006;1580Mhz;temp=82.3'C;volt=0.9305V
Thu 26 Jan 20:25:51 CET 2023;throttled=0xe0006;600Mhz;temp=84.2'C;volt=0.8984V
Thu 26 Jan 20:25:53 CET 2023;throttled=0xe0008;600Mhz;temp=84.7'C;volt=0.8768V
Thu 26 Jan 20:25:55 CET 2023;throttled=0xe0008;1531Mhz;temp=84.2'C;volt=0.8700V
Thu 26 Jan 20:25:57 CET 2023;throttled=0xe0006;1580Mhz;temp=84.7'C;volt=0.8700V
Thu 26 Jan 20:25:59 CET 2023;throttled=0xe0008;1531Mhz;temp=85.2'C;volt=0.8876V
Thu 26 Jan 20:26:02 CET 2023;throttled=0xe0008;600Mhz;temp=84.2'C;volt=0.8768V
Thu 26 Jan 20:26:04 CET 2023;throttled=0xe0006;600Mhz;temp=84.7'C;volt=0.9089V
Thu 26 Jan 20:26:06 CET 2023;throttled=0xe0006;1629Mhz;temp=83.2'C;volt=0.9089V
Thu 26 Jan 20:26:08 CET 2023;throttled=0xe0008;600Mhz;temp=83.7'C;volt=0.8984V
Thu 26 Jan 20:26:10 CET 2023;throttled=0xe0008;600Mhz;temp=84.7'C;volt=0.9089V
Thu 26 Jan 20:26:13 CET 2023;throttled=0xe0008;1629Mhz;temp=84.7'C;volt=0.8984V
Thu 26 Jan 20:26:15 CET 2023;throttled=0xe0008;1629Mhz;temp=84.2'C;volt=0.8768V
Thu 26 Jan 20:26:17 CET 2023;throttled=0xe0008;1580Mhz;temp=83.7'C;volt=0.8876V
Thu 26 Jan 20:26:19 CET 2023;throttled=0xe0008;600Mhz;temp=83.7'C;volt=0.8876V
Thu 26 Jan 20:26:22 CET 2023;throttled=0xe0008;1531Mhz;temp=85.2'C;volt=0.8768V
Thu 26 Jan 20:26:24 CET 2023;throttled=0xe0008;1629Mhz;temp=84.2'C;volt=0.8768V
Thu 26 Jan 20:26:26 CET 2023;throttled=0xe0006;1580Mhz;temp=83.7'C;volt=0.8984V
Thu 26 Jan 20:26:28 CET 2023;throttled=0xe0008;1531Mhz;temp=84.2'C;volt=0.8876V
Thu 26 Jan 20:26:30 CET 2023;throttled=0xe0008;1677Mhz;temp=84.7'C;volt=0.8768V
Thu 26 Jan 20:26:33 CET 2023;throttled=0xe0008;600Mhz;temp=84.2'C;volt=0.8768V
Thu 26 Jan 20:26:35 CET 2023;throttled=0xe0006;600Mhz;temp=84.2'C;volt=0.8876V
Thu 26 Jan 20:26:37 CET 2023;throttled=0xe0008;600Mhz;temp=84.2'C;volt=0.8876V
Thu 26 Jan 20:26:39 CET 2023;throttled=0xe0008;600Mhz;temp=85.2'C;volt=0.8700V
Thu 26 Jan 20:26:41 CET 2023;throttled=0xe0008;1580Mhz;temp=85.2'C;volt=0.8768V
Thu 26 Jan 20:26:43 CET 2023;throttled=0xe0008;1677Mhz;temp=85.7'C;volt=0.8768V
Thu 26 Jan 20:26:46 CET 2023;throttled=0xe0006;1629Mhz;temp=83.2'C;volt=0.8700V
Thu 26 Jan 20:26:48 CET 2023;throttled=0xe0006;1580Mhz;temp=84.2'C;volt=0.8768V
Thu 26 Jan 20:26:50 CET 2023;throttled=0xe0000;600Mhz;temp=80.3'C;volt=0.8700V
